Tom Bottini,24 Dartmouth Dr,Framingham,MA,01701
Michael Bottini,123 Park Place,Hillsboro,OR,97123
Susan Nutter,4170 Hood Ave,San Diego,CA,92103
Craig Strickland,1910 Angie Dr,Irvine,CA,92614
Brian Trost,4496 Bel Meadow Dr,Pomona,CA,91766
Gloria Lofton,3331 Fittro St,Monticello,AR,71665
Alexandra Ellis,1305 Poco Mas Dr,Dallas,TX,75202
Catherine Olmstead,3195 August Ln,Shreveport,LA,71101
Edna Jones,771 Coffman Alley,Paducah,KY,42001
Lenore Nichols,2308 Goldleaf Lane,Lyndhurst,NJ,07071
Whitney Hansen,3012 Coburn Hollow Rd,Washington,IL,61571
Owen Via,4739 Worley Avenue,South Boston,VA,24592
Sally Giorgi,3707 Oak Avenue,Libertyville,IL,60048
Ross Crane,3481 Hickory Lane,Washington,DC,20005
Larry Reed,430 Alpha Avenue,Athens,TX,75751
Gena Donnell,1292 Russell Street,Cambridge,MA,02141
Anthony Schuman,2121 Pinewood Drive,Arlington,IL,60004
Glen Aaron,1345 Burning Memory Lane,Philadelphia,PA,19145
Kira Vaughn,4392 Post Avenue,Wolverton,MN,56594